ts,lst,intrinsic_sol,dex_price_sol,disc_pct,dex,pool_liq_usd,net_after_costs_pct,actionable
2026-07-08T20:57:40.846480+00:00,jitoSOL,1.275866,1.2883,-0.9745,orca,6203938,-1.1745,0
2026-07-08T20:57:40.846480+00:00,mSOL,1.376648,1.3895,-0.9336,meteora,1391915,-1.1336,0
2026-07-08T20:57:40.846480+00:00,bSOL,1.290721,1.3028,-0.9358,orca,464227,-1.1358,0
2026-07-08T20:57:40.846480+00:00,INF,1.407837,1.4341,-1.8655,meteora,245272,-2.0655,0
2026-07-08T20:57:40.846480+00:00,jupSOL,1.183945,1.1958,-1.0013,orca,158747,-1.2013,0
2026-07-08T20:57:40.846480+00:00,bnSOL,1.110411,1.1202,-0.8815,meteora,487,-1.0815,0
2026-07-08T20:57:40.846480+00:00,hSOL,1.162059,0.0,100.0,pumpfun,0,99.8,0
2026-07-08T21:15:26.223245+00:00,jitoSOL,1.275866,1.2882,-0.9667,orca,6191854,-1.1667,0
2026-07-08T21:15:26.223245+00:00,mSOL,1.376648,1.3895,-0.9336,meteora,1390291,-1.1336,0
2026-07-08T21:15:26.223245+00:00,bSOL,1.290721,1.3028,-0.9358,orca,463204,-1.1358,0
2026-07-08T21:15:26.223245+00:00,INF,1.407837,1.4341,-1.8655,meteora,244478,-2.0655,0
2026-07-08T21:15:26.223245+00:00,jupSOL,1.183945,1.1958,-1.0013,orca,158747,-1.2013,0
2026-07-08T21:15:26.223245+00:00,bnSOL,1.110411,1.1202,-0.8815,meteora,486,-1.0815,0
2026-07-08T21:15:26.223245+00:00,hSOL,1.162059,0.0,100.0,pumpfun,0,99.8,0
2026-07-08T21:30:50.299412+00:00,jitoSOL,1.275866,1.288,-0.951,orca,6202736,-1.151,0
2026-07-08T21:30:50.299412+00:00,mSOL,1.376648,1.3895,-0.9336,meteora,1391196,-1.1336,0
2026-07-08T21:30:50.299412+00:00,bSOL,1.290721,1.3025,-0.9126,orca,464022,-1.1126,0
2026-07-08T21:30:50.299412+00:00,INF,1.407837,1.4312,-1.6595,meteora,244165,-1.8595,0
2026-07-08T21:30:50.299412+00:00,jupSOL,1.183945,1.1958,-1.0013,orca,158747,-1.2013,0
2026-07-08T21:30:50.299412+00:00,bnSOL,1.110411,1.1202,-0.8815,meteora,486,-1.0815,0
2026-07-08T21:30:50.299412+00:00,hSOL,1.162059,0.0,100.0,pumpfun,0,99.8,0
2026-07-08T21:45:32.824173+00:00,jitoSOL,1.275866,1.288,-0.951,orca,6202736,-1.151,0
2026-07-08T21:45:32.824173+00:00,mSOL,1.376648,1.3895,-0.9336,meteora,1394809,-1.1336,0
2026-07-08T21:45:32.824173+00:00,bSOL,1.290721,1.3025,-0.9126,orca,464504,-1.1126,0
2026-07-08T21:45:32.824173+00:00,INF,1.407837,1.4312,-1.6595,meteora,244165,-1.8595,0
2026-07-08T21:45:32.824173+00:00,jupSOL,1.183945,1.1958,-1.0013,orca,158747,-1.2013,0
2026-07-08T21:45:32.824173+00:00,bnSOL,1.110411,1.1202,-0.8815,meteora,486,-1.0815,0
2026-07-08T21:45:32.824173+00:00,hSOL,1.162059,0.0,100.0,pumpfun,0,99.8,0
2026-07-08T22:01:01.846806+00:00,jitoSOL,1.275866,1.2882,-0.9667,orca,6219202,-1.1667,0
2026-07-08T22:01:01.846806+00:00,mSOL,1.376648,1.3895,-0.9336,meteora,1395352,-1.1336,0
2026-07-08T22:01:01.846806+00:00,bSOL,1.290721,1.3025,-0.9126,orca,464444,-1.1126,0
2026-07-08T22:01:01.846806+00:00,INF,1.407837,1.4341,-1.8655,meteora,245335,-2.0655,0
2026-07-08T22:01:01.846806+00:00,jupSOL,1.183945,1.1958,-1.0013,orca,158747,-1.2013,0
2026-07-08T22:01:01.846806+00:00,bnSOL,1.110411,1.1202,-0.8815,meteora,486,-1.0815,0
2026-07-08T22:01:01.846806+00:00,hSOL,1.162059,0.0,100.0,pumpfun,0,99.8,0
2026-07-08T22:14:06.942852+00:00,jitoSOL,1.275866,1.2882,-0.9667,orca,6220006,-1.1667,0
2026-07-08T22:14:06.942852+00:00,mSOL,1.376648,1.3895,-0.9336,meteora,1395352,-1.1336,0
2026-07-08T22:14:06.942852+00:00,bSOL,1.290721,1.3028,-0.9358,orca,465310,-1.1358,0
2026-07-08T22:14:06.942852+00:00,INF,1.407837,1.4341,-1.8655,meteora,245335,-2.0655,0
2026-07-08T22:14:06.942852+00:00,jupSOL,1.183945,1.1958,-1.0013,orca,158378,-1.2013,0
2026-07-08T22:14:06.942852+00:00,bnSOL,1.110411,1.1202,-0.8815,meteora,486,-1.0815,0
2026-07-08T22:14:06.942852+00:00,hSOL,1.162059,0.0,100.0,pumpfun,0,99.8,0
2026-07-08T22:30:51.963171+00:00,jitoSOL,1.275866,1.288,-0.951,orca,6218018,-1.151,0
2026-07-08T22:30:51.963171+00:00,mSOL,1.376648,1.3895,-0.9336,meteora,1395352,-1.1336,0
2026-07-08T22:30:51.963171+00:00,bSOL,1.290721,1.3028,-0.9358,orca,465191,-1.1358,0
2026-07-08T22:30:51.963171+00:00,INF,1.407837,1.4341,-1.8655,meteora,245335,-2.0655,0
2026-07-08T22:30:51.963171+00:00,jupSOL,1.183945,1.1958,-1.0013,orca,158235,-1.2013,0
2026-07-08T22:30:51.963171+00:00,bnSOL,1.110411,1.1205,-0.9085,meteora,488,-1.1085,0
2026-07-08T22:30:51.963171+00:00,hSOL,1.162059,0.0,100.0,pumpfun,0,99.8,0
2026-07-08T22:45:28.501423+00:00,jitoSOL,1.275866,1.2879,-0.9432,meteora,2529056,-1.1432,0
2026-07-08T22:45:28.501423+00:00,mSOL,1.376648,1.3895,-0.9336,meteora,1395352,-1.1336,0
2026-07-08T22:45:28.501423+00:00,bSOL,1.290721,1.3027,-0.9281,meteora,360282,-1.1281,0
2026-07-08T22:45:28.501423+00:00,INF,1.407837,1.4341,-1.8655,meteora,245652,-2.0655,0
2026-07-08T22:45:28.501423+00:00,jupSOL,1.183945,1.1958,-1.0013,orca,158235,-1.2013,0
2026-07-08T22:45:28.501423+00:00,bnSOL,1.110411,1.1202,-0.8815,meteora,488,-1.0815,0
2026-07-08T22:45:28.501423+00:00,hSOL,1.162059,0.0,100.0,pumpfun,0,99.8,0
2026-07-08T23:00:59.456744+00:00,jitoSOL,1.275866,1.288,-0.951,orca,5478328,-1.151,0
2026-07-08T23:00:59.456744+00:00,mSOL,1.376648,1.3895,-0.9336,meteora,1395352,-1.1336,0
2026-07-08T23:00:59.456744+00:00,bSOL,1.290721,1.3027,-0.9281,meteora,360282,-1.1281,0
2026-07-08T23:00:59.456744+00:00,INF,1.407837,1.4341,-1.8655,meteora,245652,-2.0655,0
2026-07-08T23:00:59.456744+00:00,jupSOL,1.183945,1.1958,-1.0013,orca,158314,-1.2013,0
2026-07-08T23:00:59.456744+00:00,bnSOL,1.110411,1.1202,-0.8815,meteora,488,-1.0815,0
2026-07-08T23:00:59.456744+00:00,hSOL,1.162059,0.0,100.0,pumpfun,0,99.8,0
2026-07-08T23:15:35.983211+00:00,jitoSOL,1.275866,1.288,-0.951,orca,5526864,-1.151,0
2026-07-08T23:15:35.983211+00:00,mSOL,1.376648,1.3895,-0.9336,meteora,1395352,-1.1336,0
2026-07-08T23:15:35.983211+00:00,bSOL,1.290721,1.3028,-0.9358,meteora,361215,-1.1358,0
2026-07-08T23:15:35.983211+00:00,INF,1.407837,1.4341,-1.8655,meteora,245652,-2.0655,0
2026-07-08T23:15:35.983211+00:00,jupSOL,1.183945,1.196,-1.0182,orca,158289,-1.2182,0
2026-07-08T23:15:35.983211+00:00,bnSOL,1.110411,1.1202,-0.8815,meteora,488,-1.0815,0
2026-07-08T23:15:35.983211+00:00,hSOL,1.162059,0.0,100.0,pumpfun,0,99.8,0
2026-07-08T23:30:52.734002+00:00,jitoSOL,1.275866,1.2883,-0.9745,orca,5749291,-1.1745,0
2026-07-08T23:30:52.734002+00:00,mSOL,1.376648,1.3895,-0.9336,meteora,1400593,-1.1336,0
2026-07-08T23:30:52.734002+00:00,bSOL,1.290721,1.3028,-0.9358,orca,375036,-1.1358,0
2026-07-08T23:30:52.734002+00:00,INF,1.407837,1.4341,-1.8655,meteora,245652,-2.0655,0
2026-07-08T23:30:52.734002+00:00,jupSOL,1.183945,1.196,-1.0182,orca,158350,-1.2182,0
2026-07-08T23:30:52.734002+00:00,bnSOL,1.110411,1.1201,-0.8725,meteora,489,-1.0725,0
2026-07-08T23:30:52.734002+00:00,hSOL,1.162059,0.0,100.0,pumpfun,0,99.8,0
2026-07-08T23:35:36.336285+00:00,jitoSOL,1.275866,1.2883,-0.9745,orca,5750054,-1.1745,0
2026-07-08T23:35:36.336285+00:00,mSOL,1.376648,1.3895,-0.9336,meteora,1400593,-1.1336,0
2026-07-08T23:35:36.336285+00:00,bSOL,1.290721,1.3028,-0.9358,orca,375036,-1.1358,0
2026-07-08T23:35:36.336285+00:00,INF,1.407837,1.4341,-1.8655,meteora,245652,-2.0655,0
2026-07-08T23:35:36.336285+00:00,jupSOL,1.183945,1.196,-1.0182,orca,158452,-1.2182,0
2026-07-08T23:35:36.336285+00:00,bnSOL,1.110411,1.1201,-0.8725,meteora,489,-1.0725,0
2026-07-08T23:35:36.336285+00:00,hSOL,1.162059,0.0,100.0,pumpfun,0,99.8,0
2026-07-08T23:45:30.642346+00:00,jitoSOL,1.275866,1.2883,-0.9745,orca,5967673,-1.1745,0
2026-07-08T23:45:30.642346+00:00,mSOL,1.376648,1.3895,-0.9336,meteora,1400593,-1.1336,0
2026-07-08T23:45:30.642346+00:00,bSOL,1.290721,1.3027,-0.9281,orca,417220,-1.1281,0
2026-07-08T23:45:30.642346+00:00,INF,1.407837,1.4341,-1.8655,meteora,245652,-2.0655,0
2026-07-08T23:45:30.642346+00:00,jupSOL,1.183945,1.196,-1.0182,orca,158330,-1.2182,0
2026-07-08T23:45:30.642346+00:00,bnSOL,1.110411,1.1204,-0.8995,meteora,489,-1.0995,0
2026-07-08T23:45:30.642346+00:00,hSOL,1.162059,0.0,100.0,pumpfun,0,99.8,0
2026-07-09T00:00:58.879037+00:00,jitoSOL,1.275866,1.2883,-0.9745,orca,6194481,-1.1745,0
2026-07-09T00:00:58.879037+00:00,mSOL,1.376648,1.3895,-0.9336,meteora,1405472,-1.1336,0
2026-07-09T00:00:58.879037+00:00,bSOL,1.290721,1.3027,-0.9281,orca,457288,-1.1281,0
2026-07-09T00:00:58.879037+00:00,INF,1.407837,1.4341,-1.8655,meteora,247016,-2.0655,0
2026-07-09T00:00:58.879037+00:00,jupSOL,1.183945,1.196,-1.0182,orca,158947,-1.2182,0
2026-07-09T00:00:58.879037+00:00,bnSOL,1.110411,1.1201,-0.8725,meteora,489,-1.0725,0
2026-07-09T00:00:58.879037+00:00,hSOL,1.162059,0.0,100.0,pumpfun,0,99.8,0
2026-07-09T00:15:30.185827+00:00,jitoSOL,1.275866,1.2883,-0.9745,orca,6191746,-1.1745,0
2026-07-09T00:15:30.185827+00:00,mSOL,1.376648,1.3895,-0.9336,meteora,1403671,-1.1336,0
2026-07-09T00:15:30.185827+00:00,bSOL,1.290721,1.3027,-0.9281,orca,456967,-1.1281,0
2026-07-09T00:15:30.185827+00:00,INF,1.407837,1.4341,-1.8655,meteora,247016,-2.0655,0
2026-07-09T00:15:30.185827+00:00,jupSOL,1.183945,1.1961,-1.0267,orca,158773,-1.2267,0
2026-07-09T00:15:30.185827+00:00,bnSOL,1.110411,1.1201,-0.8725,meteora,490,-1.0725,0
2026-07-09T00:15:30.185827+00:00,hSOL,1.162059,0.0,100.0,pumpfun,0,99.8,0
2026-07-09T00:30:49.698774+00:00,jitoSOL,1.275866,1.2881,-0.9589,orca,6188920,-1.1589,0
2026-07-09T00:30:49.698774+00:00,mSOL,1.376648,1.3895,-0.9336,meteora,1401149,-1.1336,0
2026-07-09T00:30:49.698774+00:00,bSOL,1.290721,1.3027,-0.9281,orca,457497,-1.1281,0
2026-07-09T00:30:49.698774+00:00,INF,1.407837,1.4341,-1.8655,meteora,247016,-2.0655,0
2026-07-09T00:30:49.698774+00:00,jupSOL,1.183945,1.1961,-1.0267,orca,158657,-1.2267,0
2026-07-09T00:30:49.698774+00:00,bnSOL,1.110411,1.1201,-0.8725,meteora,490,-1.0725,0
2026-07-09T00:30:49.698774+00:00,hSOL,1.162059,0.0,100.0,pumpfun,0,99.8,0
2026-07-09T01:00:55.655441+00:00,jitoSOL,1.275866,1.2883,-0.9745,orca,6195039,-1.1745,0
2026-07-09T01:00:55.655441+00:00,mSOL,1.376648,1.3895,-0.9336,meteora,1402779,-1.1336,0
2026-07-09T01:00:55.655441+00:00,bSOL,1.290721,1.3029,-0.9436,orca,458246,-1.1436,0
2026-07-09T01:00:55.655441+00:00,INF,1.407837,1.4341,-1.8655,meteora,247016,-2.0655,0
2026-07-09T01:00:55.655441+00:00,jupSOL,1.183945,1.1961,-1.0267,orca,158677,-1.2267,0
2026-07-09T01:00:55.655441+00:00,bnSOL,1.110411,1.1204,-0.8995,meteora,490,-1.0995,0
2026-07-09T01:00:55.655441+00:00,hSOL,1.162059,0.0,100.0,pumpfun,0,99.8,0
2026-07-09T01:15:30.355494+00:00,jitoSOL,1.275866,1.2883,-0.9745,orca,6258244,-1.1745,0
2026-07-09T01:15:30.355494+00:00,mSOL,1.376648,1.3895,-0.9336,meteora,1416146,-1.1336,0
2026-07-09T01:15:30.355494+00:00,bSOL,1.290721,1.3027,-0.9281,orca,463657,-1.1281,0
2026-07-09T01:15:30.355494+00:00,INF,1.407837,1.4338,-1.8441,meteora,248546,-2.0441,0
2026-07-09T01:15:30.355494+00:00,jupSOL,1.183945,1.1961,-1.0267,orca,160296,-1.2267,0
2026-07-09T01:15:30.355494+00:00,bnSOL,1.110411,1.1202,-0.8815,meteora,494,-1.0815,0
2026-07-09T01:15:30.355494+00:00,hSOL,1.162059,0.0,100.0,pumpfun,0,99.8,0
2026-07-09T01:15:46.497221+00:00,jitoSOL,1.275866,1.2883,-0.9745,orca,6258244,-1.1745,0
2026-07-09T01:15:46.497221+00:00,mSOL,1.376648,1.3895,-0.9336,meteora,1416146,-1.1336,0
2026-07-09T01:15:46.497221+00:00,bSOL,1.290721,1.3027,-0.9281,orca,463657,-1.1281,0
2026-07-09T01:15:46.497221+00:00,INF,1.407837,1.4338,-1.8441,meteora,248546,-2.0441,0
2026-07-09T01:15:46.497221+00:00,jupSOL,1.183945,1.1961,-1.0267,orca,160296,-1.2267,0
2026-07-09T01:15:46.497221+00:00,bnSOL,1.110411,1.1202,-0.8815,meteora,494,-1.0815,0
2026-07-09T01:15:46.497221+00:00,hSOL,1.162059,0.0,100.0,pumpfun,0,99.8,0
2026-07-09T01:30:49.434797+00:00,jitoSOL,1.275866,1.2879,-0.9432,orca,6253326,-1.1432,0
2026-07-09T01:30:49.434797+00:00,mSOL,1.376648,1.3895,-0.9336,meteora,1412176,-1.1336,0
2026-07-09T01:30:49.434797+00:00,bSOL,1.290721,1.3029,-0.9436,orca,464346,-1.1436,0
2026-07-09T01:30:49.434797+00:00,INF,1.407837,1.4341,-1.8655,meteora,248571,-2.0655,0
2026-07-09T01:30:49.434797+00:00,jupSOL,1.183945,1.1961,-1.0267,orca,160013,-1.2267,0
2026-07-09T01:30:49.434797+00:00,bnSOL,1.110411,1.1204,-0.8995,meteora,493,-1.0995,0
2026-07-09T01:30:49.434797+00:00,hSOL,1.162059,0.0,100.0,pumpfun,0,99.8,0
2026-07-09T01:45:32.429982+00:00,jitoSOL,1.275866,1.2883,-0.9745,orca,6226278,-1.1745,0
2026-07-09T01:45:32.429982+00:00,mSOL,1.376648,1.3895,-0.9336,meteora,1401882,-1.1336,0
2026-07-09T01:45:32.429982+00:00,bSOL,1.290721,1.3027,-0.9281,orca,466368,-1.1281,0
2026-07-09T01:45:32.429982+00:00,INF,1.407837,1.4341,-1.8655,meteora,247365,-2.0655,0
2026-07-09T01:45:32.429982+00:00,jupSOL,1.183945,1.1961,-1.0267,orca,160013,-1.2267,0
2026-07-09T01:45:32.429982+00:00,bnSOL,1.110411,1.1202,-0.8815,meteora,490,-1.0815,0
2026-07-09T01:45:32.429982+00:00,hSOL,1.162059,0.0,100.0,pumpfun,0,99.8,0
2026-07-09T02:00:55.665513+00:00,jitoSOL,1.275866,1.2884,-0.9824,orca,6221789,-1.1824,0
2026-07-09T02:00:55.665513+00:00,mSOL,1.376648,1.3895,-0.9336,meteora,1397007,-1.1336,0
2026-07-09T02:00:55.665513+00:00,bSOL,1.290721,1.3027,-0.9281,orca,465514,-1.1281,0
2026-07-09T02:00:55.665513+00:00,INF,1.407837,1.4338,-1.8441,meteora,245406,-2.0441,0
2026-07-09T02:00:55.665513+00:00,jupSOL,1.183945,1.1961,-1.0267,orca,158760,-1.2267,0
2026-07-09T02:00:55.665513+00:00,bnSOL,1.110411,1.1201,-0.8725,meteora,488,-1.0725,0
2026-07-09T02:00:55.665513+00:00,hSOL,1.162059,0.0,100.0,pumpfun,0,99.8,0
2026-07-09T02:15:31.483901+00:00,jitoSOL,1.275866,1.2883,-0.9745,orca,6256243,-1.1745,0
2026-07-09T02:15:31.483901+00:00,mSOL,1.376648,1.3895,-0.9336,meteora,1397369,-1.1336,0
2026-07-09T02:15:31.483901+00:00,bSOL,1.290721,1.3027,-0.9281,orca,468039,-1.1281,0
2026-07-09T02:15:31.483901+00:00,INF,1.407837,1.434,-1.8583,meteora,246782,-2.0583,0
2026-07-09T02:15:31.483901+00:00,jupSOL,1.183945,1.1961,-1.0267,orca,159026,-1.2267,0
2026-07-09T02:15:31.483901+00:00,bnSOL,1.110411,1.1202,-0.8815,meteora,491,-1.0815,0
2026-07-09T02:15:31.483901+00:00,hSOL,1.162059,0.0,100.0,pumpfun,0,99.8,0
2026-07-09T02:30:50.954980+00:00,jitoSOL,1.275866,1.2883,-0.9745,orca,6244178,-1.1745,0
2026-07-09T02:30:50.954980+00:00,mSOL,1.376648,1.3895,-0.9336,meteora,1405678,-1.1336,0
2026-07-09T02:30:50.954980+00:00,bSOL,1.290721,1.3027,-0.9281,orca,467618,-1.1281,0
2026-07-09T02:30:50.954980+00:00,INF,1.407837,1.434,-1.8583,meteora,246528,-2.0583,0
2026-07-09T02:30:50.954980+00:00,jupSOL,1.183945,1.1961,-1.0267,orca,159088,-1.2267,0
2026-07-09T02:30:50.954980+00:00,bnSOL,1.110411,1.1202,-0.8815,meteora,490,-1.0815,0
2026-07-09T02:30:50.954980+00:00,hSOL,1.162059,0.0,100.0,pumpfun,0,99.8,0
2026-07-09T02:45:28.909147+00:00,jitoSOL,1.275866,1.2883,-0.9745,orca,6219253,-1.1745,0
2026-07-09T02:45:28.909147+00:00,mSOL,1.376648,1.3895,-0.9336,meteora,1397731,-1.1336,0
2026-07-09T02:45:28.909147+00:00,bSOL,1.290721,1.3027,-0.9281,orca,465632,-1.1281,0
2026-07-09T02:45:28.909147+00:00,INF,1.407837,1.434,-1.8583,meteora,246528,-2.0583,0
2026-07-09T02:45:28.909147+00:00,jupSOL,1.183945,1.1961,-1.0267,orca,158944,-1.2267,0
2026-07-09T02:45:28.909147+00:00,bnSOL,1.110411,1.1199,-0.8545,meteora,488,-1.0545,0
2026-07-09T02:45:28.909147+00:00,hSOL,1.162059,0.0,100.0,pumpfun,0,99.8,0
2026-07-09T03:00:57.544423+00:00,jitoSOL,1.275866,1.2883,-0.9745,orca,6198463,-1.1745,0
2026-07-09T03:00:57.544423+00:00,mSOL,1.376648,1.3895,-0.9336,meteora,1391774,-1.1336,0
2026-07-09T03:00:57.544423+00:00,bSOL,1.290721,1.3029,-0.9436,orca,463791,-1.1436,0
2026-07-09T03:00:57.544423+00:00,INF,1.407837,1.4347,-1.9081,meteora,244500,-2.1081,0
2026-07-09T03:00:57.544423+00:00,jupSOL,1.183945,1.1961,-1.0267,orca,158944,-1.2267,0
2026-07-09T03:00:57.544423+00:00,bnSOL,1.110411,1.1199,-0.8545,meteora,486,-1.0545,0
2026-07-09T03:00:57.544423+00:00,hSOL,1.162059,0.0,100.0,pumpfun,0,99.8,0
2026-07-09T03:15:32.073601+00:00,jitoSOL,1.275866,1.2883,-0.9745,orca,6184005,-1.1745,0
2026-07-09T03:15:32.073601+00:00,mSOL,1.376648,1.3895,-0.9336,meteora,1389627,-1.1336,0
2026-07-09T03:15:32.073601+00:00,bSOL,1.290721,1.3029,-0.9436,orca,462588,-1.1436,0
2026-07-09T03:15:32.073601+00:00,INF,1.407837,1.4347,-1.9081,meteora,244278,-2.1081,0
2026-07-09T03:15:32.073601+00:00,jupSOL,1.183945,1.1961,-1.0267,orca,157614,-1.2267,0
2026-07-09T03:15:32.073601+00:00,bnSOL,1.110411,1.1199,-0.8545,meteora,486,-1.0545,0
2026-07-09T03:15:32.073601+00:00,hSOL,1.162059,0.0,100.0,pumpfun,0,99.8,0
2026-07-09T03:30:47.984601+00:00,jitoSOL,1.275866,1.2883,-0.9745,orca,6203290,-1.1745,0
2026-07-09T03:30:47.984601+00:00,mSOL,1.376648,1.3895,-0.9336,meteora,1389627,-1.1336,0
2026-07-09T03:30:47.984601+00:00,bSOL,1.290721,1.3029,-0.9436,orca,462588,-1.1436,0
2026-07-09T03:30:47.984601+00:00,INF,1.407837,1.4347,-1.9081,meteora,244468,-2.1081,0
2026-07-09T03:30:47.984601+00:00,jupSOL,1.183945,1.1961,-1.0267,orca,157614,-1.2267,0
2026-07-09T03:30:47.984601+00:00,bnSOL,1.110411,1.1199,-0.8545,meteora,486,-1.0545,0
2026-07-09T03:30:47.984601+00:00,hSOL,1.162059,0.0,100.0,pumpfun,0,99.8,0
2026-07-09T03:46:14.026874+00:00,jitoSOL,1.275866,1.2883,-0.9745,orca,6210453,-1.1745,0
2026-07-09T03:46:14.026874+00:00,mSOL,1.376648,1.3896,-0.9408,meteora,1393259,-1.1408,0
2026-07-09T03:46:14.026874+00:00,bSOL,1.290721,1.3027,-0.9281,orca,464672,-1.1281,0
2026-07-09T03:46:14.026874+00:00,INF,1.407837,1.4347,-1.9081,meteora,244785,-2.1081,0
2026-07-09T03:46:14.026874+00:00,jupSOL,1.183945,1.1961,-1.0267,orca,157839,-1.2267,0
2026-07-09T03:46:14.026874+00:00,bnSOL,1.110411,1.1199,-0.8545,meteora,486,-1.0545,0
2026-07-09T03:46:14.026874+00:00,hSOL,1.162059,0.0,100.0,pumpfun,0,99.8,0
2026-07-09T04:01:06.469070+00:00,jitoSOL,1.275866,1.2883,-0.9745,orca,6220105,-1.1745,0
2026-07-09T04:01:06.469070+00:00,mSOL,1.376648,1.3896,-0.9408,meteora,1393259,-1.1408,0
2026-07-09T04:01:06.469070+00:00,bSOL,1.290721,1.3027,-0.9281,orca,465635,-1.1281,0
2026-07-09T04:01:06.469070+00:00,INF,1.407837,1.4342,-1.8726,meteora,245388,-2.0726,0
2026-07-09T04:01:06.469070+00:00,jupSOL,1.183945,1.1961,-1.0267,orca,158146,-1.2267,0
2026-07-09T04:01:06.469070+00:00,bnSOL,1.110411,1.1199,-0.8545,meteora,486,-1.0545,0
2026-07-09T04:01:06.469070+00:00,hSOL,1.162059,0.0,100.0,pumpfun,0,99.8,0
2026-07-09T04:15:34.581963+00:00,jitoSOL,1.275866,1.2883,-0.9745,orca,6223323,-1.1745,0
2026-07-09T04:15:34.581963+00:00,mSOL,1.376648,1.3896,-0.9408,meteora,1395427,-1.1408,0
2026-07-09T04:15:34.581963+00:00,bSOL,1.290721,1.3027,-0.9281,orca,465214,-1.1281,0
2026-07-09T04:15:34.581963+00:00,INF,1.407837,1.4338,-1.8441,meteora,245228,-2.0441,0
2026-07-09T04:15:34.581963+00:00,jupSOL,1.183945,1.196,-1.0182,orca,158330,-1.2182,0
2026-07-09T04:15:34.581963+00:00,bnSOL,1.110411,1.1199,-0.8545,meteora,486,-1.0545,0
2026-07-09T04:15:34.581963+00:00,hSOL,1.162059,0.0,100.0,pumpfun,0,99.8,0
2026-07-09T04:30:47.035515+00:00,jitoSOL,1.275866,1.2883,-0.9745,orca,6222519,-1.1745,0
2026-07-09T04:30:47.035515+00:00,mSOL,1.376648,1.3896,-0.9408,meteora,1395969,-1.1408,0
2026-07-09T04:30:47.035515+00:00,bSOL,1.290721,1.3027,-0.9281,orca,465094,-1.1281,0
2026-07-09T04:30:47.035515+00:00,INF,1.407837,1.4338,-1.8441,meteora,245164,-2.0441,0
2026-07-09T04:30:47.035515+00:00,jupSOL,1.183945,1.196,-1.0182,orca,158330,-1.2182,0
2026-07-09T04:30:47.035515+00:00,bnSOL,1.110411,1.1199,-0.8545,meteora,486,-1.0545,0
2026-07-09T04:30:47.035515+00:00,hSOL,1.162059,0.0,100.0,pumpfun,0,99.8,0
2026-07-09T04:50:34.897762+00:00,jitoSOL,1.275866,1.2883,-0.9745,orca,6238521,-1.1745,0
2026-07-09T04:50:34.897762+00:00,mSOL,1.376648,1.3893,-0.919,meteora,1404944,-1.119,0
2026-07-09T04:50:34.897762+00:00,bSOL,1.290721,1.3027,-0.9281,orca,467620,-1.1281,0
2026-07-09T04:50:34.897762+00:00,INF,1.407837,1.4338,-1.8441,meteora,246814,-2.0441,0
2026-07-09T04:50:34.897762+00:00,jupSOL,1.183945,1.196,-1.0182,orca,159251,-1.2182,0
2026-07-09T04:50:34.897762+00:00,bnSOL,1.110411,1.1199,-0.8545,meteora,486,-1.0545,0
2026-07-09T04:50:34.897762+00:00,hSOL,1.162059,0.0,100.0,pumpfun,0,99.8,0
2026-07-09T05:01:05.427180+00:00,jitoSOL,1.275866,1.2881,-0.9589,orca,6250157,-1.1589,0
2026-07-09T05:01:05.427180+00:00,mSOL,1.376648,1.3892,-0.9118,meteora,1408172,-1.1118,0
2026-07-09T05:01:05.427180+00:00,bSOL,1.290721,1.3027,-0.9281,orca,469305,-1.1281,0
2026-07-09T05:01:05.427180+00:00,INF,1.407837,1.4338,-1.8441,meteora,247417,-2.0441,0
2026-07-09T05:01:05.427180+00:00,jupSOL,1.183945,1.196,-1.0182,orca,159251,-1.2182,0
2026-07-09T05:01:05.427180+00:00,bnSOL,1.110411,1.1199,-0.8545,meteora,486,-1.0545,0
2026-07-09T05:01:05.427180+00:00,hSOL,1.162059,0.0,100.0,pumpfun,0,99.8,0
2026-07-09T05:15:39.384050+00:00,jitoSOL,1.275866,1.2881,-0.9589,orca,6275807,-1.1589,0
2026-07-09T05:15:39.384050+00:00,mSOL,1.376648,1.3892,-0.9118,meteora,1408323,-1.1118,0
2026-07-09T05:15:39.384050+00:00,bSOL,1.290721,1.3027,-0.9281,orca,470268,-1.1281,0
2026-07-09T05:15:39.384050+00:00,INF,1.407837,1.4335,-1.8228,meteora,247899,-2.0228,0
2026-07-09T05:15:39.384050+00:00,jupSOL,1.183945,1.196,-1.0182,orca,159599,-1.2182,0
2026-07-09T05:15:39.384050+00:00,bnSOL,1.110411,1.1198,-0.8455,meteora,492,-1.0455,0
2026-07-09T05:15:39.384050+00:00,hSOL,1.162059,0.0,100.0,pumpfun,0,99.8,0
2026-07-09T05:30:47.548030+00:00,jitoSOL,1.275866,1.2883,-0.9745,orca,6248938,-1.1745,0
2026-07-09T05:30:47.548030+00:00,mSOL,1.376648,1.3892,-0.9118,meteora,1410473,-1.1118,0
2026-07-09T05:30:47.548030+00:00,bSOL,1.290721,1.3027,-0.9281,orca,468583,-1.1281,0
2026-07-09T05:30:47.548030+00:00,INF,1.407837,1.4343,-1.8797,meteora,247073,-2.0797,0
2026-07-09T05:30:47.548030+00:00,jupSOL,1.183945,1.1963,-1.0435,orca,159465,-1.2435,0
2026-07-09T05:30:47.548030+00:00,bnSOL,1.110411,1.1198,-0.8455,meteora,491,-1.0455,0
2026-07-09T05:30:47.548030+00:00,hSOL,1.162059,0.0,100.0,pumpfun,0,99.8,0
2026-07-09T05:38:43.163792+00:00,jitoSOL,1.275866,1.2883,-0.9745,orca,6245730,-1.1745,0
2026-07-09T05:38:43.163792+00:00,mSOL,1.376648,1.3892,-0.9118,meteora,1410473,-1.1118,0
2026-07-09T05:38:43.163792+00:00,bSOL,1.290721,1.303,-0.9513,orca,468366,-1.1513,0
2026-07-09T05:38:43.163792+00:00,INF,1.407837,1.434,-1.8583,meteora,247398,-2.0583,0
2026-07-09T05:38:43.163792+00:00,jupSOL,1.183945,1.1962,-1.0351,orca,159382,-1.2351,0
2026-07-09T05:38:43.163792+00:00,bnSOL,1.110411,1.1198,-0.8455,meteora,491,-1.0455,0
2026-07-09T05:38:43.163792+00:00,hSOL,1.162059,0.0,100.0,pumpfun,0,99.8,0
2026-07-09T05:45:41.729723+00:00,jitoSOL,1.275866,1.2881,-0.9589,orca,6254124,-1.1589,0
2026-07-09T05:45:41.729723+00:00,mSOL,1.376648,1.3892,-0.9118,meteora,1410473,-1.1118,0
2026-07-09T05:45:41.729723+00:00,bSOL,1.290721,1.303,-0.9513,orca,469209,-1.1513,0
2026-07-09T05:45:41.729723+00:00,INF,1.407837,1.434,-1.8583,meteora,247398,-2.0583,0
2026-07-09T05:45:41.729723+00:00,jupSOL,1.183945,1.1962,-1.0351,orca,159382,-1.2351,0
2026-07-09T05:45:41.729723+00:00,bnSOL,1.110411,1.1198,-0.8455,meteora,492,-1.0455,0
2026-07-09T05:45:41.729723+00:00,hSOL,1.162059,0.0,100.0,pumpfun,0,99.8,0
2026-07-09T06:01:16.746010+00:00,jitoSOL,1.275866,1.2881,-0.9589,orca,6254124,-1.1589,0
2026-07-09T06:01:16.746010+00:00,mSOL,1.376648,1.3894,-0.9263,meteora,1415572,-1.1263,0
2026-07-09T06:01:16.746010+00:00,bSOL,1.290721,1.3027,-0.9281,orca,471652,-1.1281,0
2026-07-09T06:01:16.746010+00:00,INF,1.407837,1.434,-1.8583,meteora,248666,-2.0583,0
2026-07-09T06:01:16.746010+00:00,jupSOL,1.183945,1.1964,-1.052,orca,160473,-1.252,0
2026-07-09T06:01:16.746010+00:00,bnSOL,1.110411,1.1198,-0.8455,meteora,492,-1.0455,0
2026-07-09T06:01:16.746010+00:00,hSOL,1.162059,0.0,100.0,pumpfun,0,99.8,0
2026-07-09T06:20:37.799031+00:00,jitoSOL,1.275866,1.2881,-0.9589,orca,6276614,-1.1589,0
2026-07-09T06:20:37.799031+00:00,mSOL,1.376648,1.3895,-0.9336,meteora,1412515,-1.1336,0
2026-07-09T06:20:37.799031+00:00,bSOL,1.290721,1.3027,-0.9281,orca,471652,-1.1281,0
2026-07-09T06:20:37.799031+00:00,INF,1.407837,1.434,-1.8583,meteora,248666,-2.0583,0
2026-07-09T06:20:37.799031+00:00,jupSOL,1.183945,1.1962,-1.0351,orca,160179,-1.2351,0
2026-07-09T06:20:37.799031+00:00,bnSOL,1.110411,1.1201,-0.8725,meteora,494,-1.0725,0
2026-07-09T06:20:37.799031+00:00,hSOL,1.162059,0.0,100.0,pumpfun,0,99.8,0
2026-07-09T06:30:56.068062+00:00,jitoSOL,1.275866,1.2883,-0.9745,orca,6291449,-1.1745,0
2026-07-09T06:30:56.068062+00:00,mSOL,1.376648,1.3895,-0.9336,meteora,1417396,-1.1336,0
2026-07-09T06:30:56.068062+00:00,bSOL,1.290721,1.3027,-0.9281,orca,472193,-1.1281,0
2026-07-09T06:30:56.068062+00:00,INF,1.407837,1.434,-1.8583,meteora,248762,-2.0583,0
2026-07-09T06:30:56.068062+00:00,jupSOL,1.183945,1.1962,-1.0351,orca,160179,-1.2351,0
2026-07-09T06:30:56.068062+00:00,bnSOL,1.110411,1.1201,-0.8725,meteora,494,-1.0725,0
2026-07-09T06:30:56.068062+00:00,hSOL,1.162059,0.0,100.0,pumpfun,0,99.8,0
2026-07-09T06:45:40.338214+00:00,jitoSOL,1.275866,1.2881,-0.9589,orca,6286239,-1.1589,0
2026-07-09T06:45:40.338214+00:00,mSOL,1.376648,1.3895,-0.9336,meteora,1416496,-1.1336,0
2026-07-09T06:45:40.338214+00:00,bSOL,1.290721,1.3027,-0.9281,orca,471952,-1.1281,0
2026-07-09T06:45:40.338214+00:00,INF,1.407837,1.434,-1.8583,meteora,248666,-2.0583,0
2026-07-09T06:45:40.338214+00:00,jupSOL,1.183945,1.1964,-1.052,orca,160391,-1.252,0
2026-07-09T06:45:40.338214+00:00,bnSOL,1.110411,1.1201,-0.8725,meteora,494,-1.0725,0
2026-07-09T06:45:40.338214+00:00,hSOL,1.162059,0.0,100.0,pumpfun,0,99.8,0
2026-07-09T07:01:17.406128+00:00,jitoSOL,1.275866,1.2883,-0.9745,orca,6293053,-1.1745,0
2026-07-09T07:01:17.406128+00:00,mSOL,1.376648,1.3895,-0.9336,meteora,1416684,-1.1336,0
2026-07-09T07:01:17.406128+00:00,bSOL,1.290721,1.3025,-0.9126,orca,472299,-1.1126,0
2026-07-09T07:01:17.406128+00:00,INF,1.407837,1.4341,-1.8655,meteora,248743,-2.0655,0
2026-07-09T07:01:17.406128+00:00,jupSOL,1.183945,1.1964,-1.052,orca,160391,-1.252,0
2026-07-09T07:01:17.406128+00:00,bnSOL,1.110411,1.1199,-0.8545,meteora,495,-1.0545,0
2026-07-09T07:01:17.406128+00:00,hSOL,1.162059,0.0,100.0,pumpfun,0,99.8,0
2026-07-09T07:15:36.798129+00:00,jitoSOL,1.275866,1.2883,-0.9745,orca,6291449,-1.1745,0
2026-07-09T07:15:36.798129+00:00,mSOL,1.376648,1.3895,-0.9336,meteora,1414879,-1.1336,0
2026-07-09T07:15:36.798129+00:00,bSOL,1.290721,1.3025,-0.9126,orca,473499,-1.1126,0
2026-07-09T07:15:36.798129+00:00,INF,1.407837,1.4341,-1.8655,meteora,248520,-2.0655,0
2026-07-09T07:15:36.798129+00:00,jupSOL,1.183945,1.1964,-1.052,orca,160391,-1.252,0
2026-07-09T07:15:36.798129+00:00,bnSOL,1.110411,1.1199,-0.8545,meteora,495,-1.0545,0
2026-07-09T07:15:36.798129+00:00,hSOL,1.162059,0.0,100.0,pumpfun,0,99.8,0
2026-07-09T07:30:56.451801+00:00,jitoSOL,1.275866,1.2876,-0.9197,orca,6278357,-1.1197,0
2026-07-09T07:30:56.451801+00:00,mSOL,1.376648,1.3895,-0.9336,meteora,1413443,-1.1336,0
2026-07-09T07:30:56.451801+00:00,bSOL,1.290721,1.3028,-0.9358,orca,470700,-1.1358,0
2026-07-09T07:30:56.451801+00:00,INF,1.407837,1.4343,-1.8797,meteora,248913,-2.0797,0
2026-07-09T07:30:56.451801+00:00,jupSOL,1.183945,1.1964,-1.052,orca,160391,-1.252,0
2026-07-09T07:30:56.451801+00:00,bnSOL,1.110411,1.1202,-0.8815,meteora,494,-1.0815,0
2026-07-09T07:45:34.995405+00:00,jitoSOL,1.275866,1.2883,-0.9745,orca,6269793,-1.1745,0
2026-07-09T07:45:34.995405+00:00,mSOL,1.376648,1.3895,-0.9336,meteora,1413443,-1.1336,0
2026-07-09T07:45:34.995405+00:00,bSOL,1.290721,1.3025,-0.9126,orca,470310,-1.1126,0
2026-07-09T07:45:34.995405+00:00,INF,1.407837,1.4343,-1.8797,meteora,248913,-2.0797,0
2026-07-09T07:45:34.995405+00:00,jupSOL,1.183945,1.1964,-1.052,orca,160268,-1.252,0
2026-07-09T07:45:34.995405+00:00,bnSOL,1.110411,1.1202,-0.8815,meteora,494,-1.0815,0
2026-07-09T08:06:12.922772+00:00,jitoSOL,1.275866,1.25,2.0273,orca,6208407,1.8273,1
2026-07-09T08:06:12.922772+00:00,mSOL,1.376648,1.3895,-0.9336,meteora,1411279,-1.1336,0
2026-07-09T08:06:12.922772+00:00,bSOL,1.290721,1.3025,-0.9126,orca,470069,-1.1126,0
2026-07-09T08:06:12.922772+00:00,INF,1.407837,1.434,-1.8583,meteora,247682,-2.0583,0
2026-07-09T08:06:12.922772+00:00,jupSOL,1.183945,1.196,-1.0182,orca,159919,-1.2182,0
2026-07-09T08:06:12.922772+00:00,bnSOL,1.110411,1.12,-0.8635,meteora,493,-1.0635,0
2026-07-09T08:15:32.904547+00:00,jitoSOL,1.275866,1.25,2.0273,orca,6208407,1.8273,1
2026-07-09T08:15:32.904547+00:00,mSOL,1.376648,1.3895,-0.9336,meteora,1411852,-1.1336,0
2026-07-09T08:15:32.904547+00:00,bSOL,1.290721,1.3025,-0.9126,orca,470370,-1.1126,0
2026-07-09T08:15:32.904547+00:00,INF,1.407837,1.4339,-1.8512,meteora,248058,-2.0512,0
2026-07-09T08:15:32.904547+00:00,jupSOL,1.183945,1.196,-1.0182,orca,159919,-1.2182,0
2026-07-09T08:15:32.904547+00:00,bnSOL,1.110411,1.12,-0.8635,meteora,493,-1.0635,0
2026-07-09T08:35:52.656162+00:00,jitoSOL,1.275866,1.2883,-0.9745,orca,6259366,-1.1745,0
2026-07-09T08:35:52.656162+00:00,mSOL,1.376648,1.3896,-0.9408,meteora,1409527,-1.1408,0
2026-07-09T08:35:52.656162+00:00,bSOL,1.290721,1.3025,-0.9126,orca,471694,-1.1126,0
2026-07-09T08:35:52.656162+00:00,INF,1.407837,1.4339,-1.8512,meteora,248058,-2.0512,0
2026-07-09T08:35:52.656162+00:00,jupSOL,1.183945,1.196,-1.0182,orca,160267,-1.2182,0
2026-07-09T08:35:52.656162+00:00,bnSOL,1.110411,1.1199,-0.8545,meteora,494,-1.0545,0
2026-07-09T08:45:41.994723+00:00,jitoSOL,1.275866,1.2883,-0.9745,orca,6281824,-1.1745,0
2026-07-09T08:45:41.994723+00:00,mSOL,1.376648,1.3896,-0.9408,meteora,1409527,-1.1408,0
2026-07-09T08:45:41.994723+00:00,bSOL,1.290721,1.3025,-0.9126,orca,471212,-1.1126,0
2026-07-09T08:45:41.994723+00:00,INF,1.407837,1.4339,-1.8512,meteora,248058,-2.0512,0
2026-07-09T08:45:41.994723+00:00,jupSOL,1.183945,1.196,-1.0182,orca,160267,-1.2182,0
2026-07-09T08:45:41.994723+00:00,bnSOL,1.110411,1.12,-0.8635,meteora,494,-1.0635,0
2026-07-09T08:57:22.462424+00:00,jitoSOL,1.275866,1.2897,-1.0843,orca,6270270,-1.2843,0
2026-07-09T08:57:22.462424+00:00,mSOL,1.376648,1.3896,-0.9408,meteora,1409527,-1.1408,0
2026-07-09T08:57:22.462424+00:00,bSOL,1.290721,1.3025,-0.9126,orca,471212,-1.1126,0
2026-07-09T08:57:22.462424+00:00,INF,1.407837,1.4337,-1.837,meteora,247848,-2.037,0
2026-07-09T08:57:22.462424+00:00,jupSOL,1.183945,1.196,-1.0182,orca,160000,-1.2182,0
2026-07-09T08:57:22.462424+00:00,bnSOL,1.110411,1.12,-0.8635,meteora,494,-1.0635,0
2026-07-09T09:01:03.125288+00:00,jitoSOL,1.275866,1.2881,-0.9589,orca,6264585,-1.1589,0
2026-07-09T09:01:03.125288+00:00,mSOL,1.376648,1.3896,-0.9408,meteora,1409527,-1.1408,0
2026-07-09T09:01:03.125288+00:00,bSOL,1.290721,1.3028,-0.9358,orca,469978,-1.1358,0
2026-07-09T09:01:03.125288+00:00,INF,1.407837,1.4337,-1.837,meteora,247848,-2.037,0
2026-07-09T09:01:03.125288+00:00,jupSOL,1.183945,1.196,-1.0182,orca,160000,-1.2182,0
2026-07-09T09:01:03.125288+00:00,bnSOL,1.110411,1.12,-0.8635,meteora,494,-1.0635,0
2026-07-09T09:15:33.859900+00:00,jitoSOL,1.275866,1.2883,-0.9745,orca,6255356,-1.1745,0
2026-07-09T09:15:33.859900+00:00,mSOL,1.376648,1.3896,-0.9408,meteora,1409527,-1.1408,0
2026-07-09T09:15:33.859900+00:00,bSOL,1.290721,1.3025,-0.9126,orca,469287,-1.1126,0
2026-07-09T09:15:33.859900+00:00,INF,1.407837,1.434,-1.8583,meteora,247398,-2.0583,0
2026-07-09T09:15:33.859900+00:00,jupSOL,1.183945,1.196,-1.0182,orca,159734,-1.2182,0
2026-07-09T09:15:33.859900+00:00,bnSOL,1.110411,1.12,-0.8635,meteora,494,-1.0635,0
2026-07-09T09:30:59.198353+00:00,jitoSOL,1.275866,1.2883,-0.9745,orca,6256960,-1.1745,0
2026-07-09T09:30:59.198353+00:00,mSOL,1.376648,1.3896,-0.9408,meteora,1409527,-1.1408,0
2026-07-09T09:30:59.198353+00:00,bSOL,1.290721,1.3025,-0.9126,orca,469347,-1.1126,0
2026-07-09T09:30:59.198353+00:00,INF,1.407837,1.434,-1.8583,meteora,247271,-2.0583,0
2026-07-09T09:30:59.198353+00:00,jupSOL,1.183945,1.196,-1.0182,orca,159734,-1.2182,0
2026-07-09T09:30:59.198353+00:00,bnSOL,1.110411,1.1199,-0.8545,meteora,492,-1.0545,0
2026-07-09T09:50:31.105919+00:00,jitoSOL,1.275866,1.2883,-0.9745,orca,6245731,-1.1745,0
2026-07-09T09:50:31.105919+00:00,mSOL,1.376648,1.3893,-0.919,meteora,1408574,-1.119,0
2026-07-09T09:50:31.105919+00:00,bSOL,1.290721,1.3025,-0.9126,orca,469528,-1.1126,0
2026-07-09T09:50:31.105919+00:00,INF,1.407837,1.4341,-1.8655,meteora,247379,-2.0655,0
2026-07-09T09:50:31.105919+00:00,jupSOL,1.183945,1.196,-1.0182,orca,159734,-1.2182,0
2026-07-09T09:50:31.105919+00:00,bnSOL,1.110411,1.1199,-0.8545,meteora,492,-1.0545,0
2026-07-09T10:01:02.808165+00:00,jitoSOL,1.275866,1.2881,-0.9589,orca,6266189,-1.1589,0
2026-07-09T10:01:02.808165+00:00,mSOL,1.376648,1.3895,-0.9336,meteora,1411125,-1.1336,0
2026-07-09T10:01:02.808165+00:00,bSOL,1.290721,1.3025,-0.9126,orca,470069,-1.1126,0
2026-07-09T10:01:02.808165+00:00,INF,1.407837,1.434,-1.8583,meteora,247905,-2.0583,0
2026-07-09T10:01:02.808165+00:00,jupSOL,1.183945,1.196,-1.0182,orca,159918,-1.2182,0
2026-07-09T10:01:02.808165+00:00,bnSOL,1.110411,1.1199,-0.8545,meteora,492,-1.0545,0
2026-07-09T10:15:32.144714+00:00,jitoSOL,1.275866,1.2883,-0.9745,orca,6261821,-1.1745,0
2026-07-09T10:15:32.144714+00:00,mSOL,1.376648,1.3895,-0.9336,meteora,1411125,-1.1336,0
2026-07-09T10:15:32.144714+00:00,bSOL,1.290721,1.3025,-0.9126,orca,470069,-1.1126,0
2026-07-09T10:15:32.144714+00:00,INF,1.407837,1.434,-1.8583,meteora,247905,-2.0583,0
2026-07-09T10:15:32.144714+00:00,jupSOL,1.183945,1.196,-1.0182,orca,159917,-1.2182,0
2026-07-09T10:15:32.144714+00:00,bnSOL,1.110411,1.1199,-0.8545,meteora,492,-1.0545,0
2026-07-09T10:45:33.163130+00:00,jitoSOL,1.275866,1.2883,-0.9745,meteora,2579126,-1.1745,0
2026-07-09T10:45:33.163130+00:00,mSOL,1.376648,1.3895,-0.9336,meteora,1411125,-1.1336,0
2026-07-09T10:45:33.163130+00:00,bSOL,1.290721,1.3028,-0.9358,orca,469557,-1.1358,0
2026-07-09T10:45:33.163130+00:00,INF,1.407837,1.434,-1.8583,meteora,247905,-2.0583,0
2026-07-09T10:45:33.163130+00:00,jupSOL,1.183945,1.196,-1.0182,orca,159917,-1.2182,0
2026-07-09T10:45:33.163130+00:00,bnSOL,1.110411,1.1199,-0.8545,meteora,492,-1.0545,0
2026-07-09T11:01:09.494516+00:00,jitoSOL,1.275866,1.2881,-0.9589,orca,5538780,-1.1589,0
2026-07-09T11:01:09.494516+00:00,mSOL,1.376648,1.3895,-0.9336,meteora,1401203,-1.1336,0
2026-07-09T11:01:09.494516+00:00,bSOL,1.290721,1.3028,-0.9358,orca,421274,-1.1358,0
2026-07-09T11:01:09.494516+00:00,INF,1.407837,1.4343,-1.8797,meteora,246820,-2.0797,0
2026-07-09T11:01:09.494516+00:00,jupSOL,1.183945,1.196,-1.0182,orca,159917,-1.2182,0
2026-07-09T11:01:09.494516+00:00,bnSOL,1.110411,1.1199,-0.8545,meteora,491,-1.0545,0
2026-07-09T11:15:33.745302+00:00,jitoSOL,1.275866,1.2884,-0.9824,orca,5556328,-1.1824,0
2026-07-09T11:15:33.745302+00:00,mSOL,1.376648,1.3896,-0.9408,meteora,1403375,-1.1408,0
2026-07-09T11:15:33.745302+00:00,bSOL,1.290721,1.3028,-0.9358,orca,432031,-1.1358,0
2026-07-09T11:15:33.745302+00:00,INF,1.407837,1.434,-1.8583,meteora,246541,-2.0583,0
2026-07-09T11:15:33.745302+00:00,jupSOL,1.183945,1.196,-1.0182,orca,159917,-1.2182,0
2026-07-09T11:15:33.745302+00:00,bnSOL,1.110411,1.1199,-0.8545,meteora,491,-1.0545,0
2026-07-09T11:30:49.711860+00:00,jitoSOL,1.275866,1.2884,-0.9824,orca,5537728,-1.1824,0
2026-07-09T11:30:49.711860+00:00,mSOL,1.376648,1.3896,-0.9408,meteora,1399422,-1.1408,0
2026-07-09T11:30:49.711860+00:00,bSOL,1.290721,1.3029,-0.9436,orca,454503,-1.1436,0
2026-07-09T11:30:49.711860+00:00,INF,1.407837,1.434,-1.8583,meteora,246541,-2.0583,0
2026-07-09T11:30:49.711860+00:00,jupSOL,1.183945,1.196,-1.0182,orca,159917,-1.2182,0
2026-07-09T11:30:49.711860+00:00,bnSOL,1.110411,1.1199,-0.8545,meteora,491,-1.0545,0
2026-07-09T11:45:35.879213+00:00,jitoSOL,1.275866,1.2884,-0.9824,orca,5534867,-1.1824,0
2026-07-09T11:45:35.879213+00:00,mSOL,1.376648,1.3896,-0.9408,meteora,1397259,-1.1408,0
2026-07-09T11:45:35.879213+00:00,bSOL,1.290721,1.3029,-0.9436,orca,465717,-1.1436,0
2026-07-09T11:45:35.879213+00:00,INF,1.407837,1.434,-1.8583,meteora,246541,-2.0583,0
2026-07-09T11:45:35.879213+00:00,jupSOL,1.183945,1.1962,-1.0351,orca,158362,-1.2351,0
2026-07-09T11:45:35.879213+00:00,bnSOL,1.110411,1.1199,-0.8545,meteora,491,-1.0545,0
2026-07-09T12:01:16.441652+00:00,jitoSOL,1.275866,1.2884,-0.9824,orca,5541308,-1.1824,0
2026-07-09T12:01:16.441652+00:00,mSOL,1.376648,1.3896,-0.9408,meteora,1401775,-1.1408,0
2026-07-09T12:01:16.441652+00:00,bSOL,1.290721,1.3029,-0.9436,orca,466078,-1.1436,0
2026-07-09T12:01:16.441652+00:00,INF,1.407837,1.434,-1.8583,meteora,246541,-2.0583,0
2026-07-09T12:01:16.441652+00:00,jupSOL,1.183945,1.196,-1.0182,orca,158813,-1.2182,0
2026-07-09T12:01:16.441652+00:00,bnSOL,1.110411,1.1199,-0.8545,meteora,491,-1.0545,0
2026-07-09T12:09:57.381135+00:00,jitoSOL,1.275866,1.2881,-0.9589,orca,5561656,-1.1589,0
2026-07-09T12:09:57.381135+00:00,mSOL,1.376648,1.3896,-0.9408,meteora,1398707,-1.1408,0
2026-07-09T12:09:57.381135+00:00,bSOL,1.290721,1.3029,-0.9436,orca,466078,-1.1436,0
2026-07-09T12:09:57.381135+00:00,INF,1.407837,1.434,-1.8583,meteora,246637,-2.0583,0
2026-07-09T12:09:57.381135+00:00,jupSOL,1.183945,1.196,-1.0182,orca,158813,-1.2182,0
2026-07-09T12:09:57.381135+00:00,bnSOL,1.110411,1.1199,-0.8545,meteora,489,-1.0545,0
2026-07-09T12:20:32.709957+00:00,jitoSOL,1.275866,1.2873,-0.8962,orca,5552470,-1.0962,0
2026-07-09T12:20:32.709957+00:00,mSOL,1.376648,1.3896,-0.9408,meteora,1401416,-1.1408,0
2026-07-09T12:20:32.709957+00:00,bSOL,1.290721,1.3029,-0.9436,orca,466078,-1.1436,0
2026-07-09T12:20:32.709957+00:00,INF,1.407837,1.434,-1.8583,meteora,246637,-2.0583,0
2026-07-09T12:20:32.709957+00:00,jupSOL,1.183945,1.196,-1.0182,orca,158813,-1.2182,0
2026-07-09T12:20:32.709957+00:00,bnSOL,1.110411,1.1199,-0.8545,meteora,489,-1.0545,0
2026-07-09T12:46:07.776113+00:00,jitoSOL,1.275866,1.2881,-0.9589,orca,5564741,-1.1589,0
2026-07-09T12:46:07.776113+00:00,mSOL,1.376648,1.3896,-0.9408,meteora,1403043,-1.1408,0
2026-07-09T12:46:07.776113+00:00,bSOL,1.290721,1.3026,-0.9203,orca,468576,-1.1203,0
2026-07-09T12:46:07.776113+00:00,INF,1.407837,1.4343,-1.8797,meteora,247042,-2.0797,0
2026-07-09T12:46:07.776113+00:00,jupSOL,1.183945,1.196,-1.0182,orca,158813,-1.2182,0
2026-07-09T12:46:07.776113+00:00,bnSOL,1.110411,1.1202,-0.8815,meteora,491,-1.0815,0
2026-07-09T13:03:52.418378+00:00,jitoSOL,1.275866,1.2884,-0.9824,orca,5560123,-1.1824,0
2026-07-09T13:03:52.418378+00:00,mSOL,1.376648,1.3893,-0.919,meteora,1403897,-1.119,0
2026-07-09T13:03:52.418378+00:00,bSOL,1.290721,1.3026,-0.9203,orca,468275,-1.1203,0
2026-07-09T13:03:52.418378+00:00,INF,1.407837,1.4343,-1.8797,meteora,246915,-2.0797,0
2026-07-09T13:03:52.418378+00:00,jupSOL,1.183945,1.196,-1.0182,orca,158915,-1.2182,0
2026-07-09T13:03:52.418378+00:00,bnSOL,1.110411,1.12,-0.8635,meteora,490,-1.0635,0
2026-07-09T13:22:16.152310+00:00,jitoSOL,1.275866,1.2884,-0.9824,orca,5595735,-1.1824,0
2026-07-09T13:22:16.152310+00:00,mSOL,1.376648,1.3893,-0.919,meteora,1403897,-1.119,0
2026-07-09T13:22:16.152310+00:00,bSOL,1.290721,1.3026,-0.9203,orca,468877,-1.1203,0
2026-07-09T13:22:16.152310+00:00,INF,1.407837,1.4339,-1.8512,meteora,247487,-2.0512,0
2026-07-09T13:22:16.152310+00:00,jupSOL,1.183945,1.196,-1.0182,orca,159099,-1.2182,0
2026-07-09T13:22:16.152310+00:00,bnSOL,1.110411,1.12,-0.8635,meteora,491,-1.0635,0
2026-07-09T13:30:51.304742+00:00,jitoSOL,1.275866,1.2884,-0.9824,orca,5593576,-1.1824,0
2026-07-09T13:30:51.304742+00:00,mSOL,1.376648,1.3893,-0.919,meteora,1403897,-1.119,0
2026-07-09T13:30:51.304742+00:00,bSOL,1.290721,1.3029,-0.9436,orca,467643,-1.1436,0
2026-07-09T13:30:51.304742+00:00,INF,1.407837,1.434,-1.8583,meteora,246478,-2.0583,0
2026-07-09T13:30:51.304742+00:00,jupSOL,1.183945,1.196,-1.0182,orca,159099,-1.2182,0
2026-07-09T13:30:51.304742+00:00,bnSOL,1.110411,1.1202,-0.8815,meteora,491,-1.0815,0
2026-07-09T13:45:31.928302+00:00,jitoSOL,1.275866,1.2884,-0.9824,orca,5609407,-1.1824,0
2026-07-09T13:45:31.928302+00:00,mSOL,1.376648,1.3893,-0.919,meteora,1403897,-1.119,0
2026-07-09T13:45:31.928302+00:00,bSOL,1.290721,1.3026,-0.9203,orca,468997,-1.1203,0
2026-07-09T13:45:31.928302+00:00,INF,1.407837,1.434,-1.8583,meteora,247271,-2.0583,0
2026-07-09T13:45:31.928302+00:00,jupSOL,1.183945,1.196,-1.0182,orca,159754,-1.2182,0
2026-07-09T13:45:31.928302+00:00,bnSOL,1.110411,1.12,-0.8635,meteora,491,-1.0635,0
2026-07-09T14:00:55.430044+00:00,jitoSOL,1.275866,1.2884,-0.9824,orca,5628837,-1.1824,0
2026-07-09T14:00:55.430044+00:00,mSOL,1.376648,1.3893,-0.919,meteora,1411107,-1.119,0
2026-07-09T14:00:55.430044+00:00,bSOL,1.290721,1.3026,-0.9203,orca,471404,-1.1203,0
2026-07-09T14:00:55.430044+00:00,INF,1.407837,1.4343,-1.8797,meteora,248374,-2.0797,0
2026-07-09T14:00:55.430044+00:00,jupSOL,1.183945,1.196,-1.0182,orca,160184,-1.2182,0
2026-07-09T14:00:55.430044+00:00,bnSOL,1.110411,1.1199,-0.8545,meteora,494,-1.0545,0
2026-07-09T14:15:36.752444+00:00,jitoSOL,1.275866,1.2881,-0.9589,orca,5622681,-1.1589,0
2026-07-09T14:15:36.752444+00:00,mSOL,1.376648,1.3893,-0.919,meteora,1411107,-1.119,0
2026-07-09T14:15:36.752444+00:00,bSOL,1.290721,1.3029,-0.9436,orca,469689,-1.1436,0
2026-07-09T14:15:36.752444+00:00,INF,1.407837,1.4343,-1.8797,meteora,247581,-2.0797,0
2026-07-09T14:15:36.752444+00:00,jupSOL,1.183945,1.196,-1.0182,orca,160184,-1.2182,0
2026-07-09T14:15:36.752444+00:00,bnSOL,1.110411,1.12,-0.8635,meteora,492,-1.0635,0
2026-07-09T14:30:49.650410+00:00,jitoSOL,1.275866,1.2884,-0.9824,orca,5607249,-1.1824,0
2026-07-09T14:30:49.650410+00:00,mSOL,1.376648,1.3893,-0.919,meteora,1411107,-1.119,0
2026-07-09T14:30:49.650410+00:00,bSOL,1.290721,1.3029,-0.9436,orca,467824,-1.1436,0
2026-07-09T14:30:49.650410+00:00,INF,1.407837,1.434,-1.8583,meteora,247176,-2.0583,0
2026-07-09T14:30:49.650410+00:00,jupSOL,1.183945,1.1963,-1.0435,orca,159052,-1.2435,0
2026-07-09T14:30:49.650410+00:00,bnSOL,1.110411,1.1202,-0.8815,meteora,492,-1.0815,0
2026-07-09T14:45:32.179759+00:00,jitoSOL,1.275866,1.2881,-0.9589,orca,5605410,-1.1589,0
2026-07-09T14:45:32.179759+00:00,mSOL,1.376648,1.3893,-0.919,meteora,1411107,-1.119,0
2026-07-09T14:45:32.179759+00:00,bSOL,1.290721,1.3029,-0.9436,orca,467824,-1.1436,0
2026-07-09T14:45:32.179759+00:00,INF,1.407837,1.4342,-1.8726,meteora,246565,-2.0726,0
2026-07-09T14:45:32.179759+00:00,jupSOL,1.183945,1.196,-1.0182,orca,159242,-1.2182,0
2026-07-09T14:45:32.179759+00:00,bnSOL,1.110411,1.1202,-0.8815,meteora,491,-1.0815,0
2026-07-09T15:01:04.257945+00:00,jitoSOL,1.275866,1.2881,-0.9589,orca,5588857,-1.1589,0
2026-07-09T15:01:04.257945+00:00,mSOL,1.376648,1.3893,-0.919,meteora,1411107,-1.119,0
2026-07-09T15:01:04.257945+00:00,bSOL,1.290721,1.3029,-0.9436,orca,468606,-1.1436,0
2026-07-09T15:01:04.257945+00:00,INF,1.407837,1.4343,-1.8797,meteora,246408,-2.0797,0
2026-07-09T15:01:04.257945+00:00,jupSOL,1.183945,1.196,-1.0182,orca,159242,-1.2182,0
2026-07-09T15:01:04.257945+00:00,bnSOL,1.110411,1.1204,-0.8995,meteora,491,-1.0995,0
2026-07-09T15:15:33.359054+00:00,jitoSOL,1.275866,1.2884,-0.9824,orca,5757425,-1.1824,0
2026-07-09T15:15:33.359054+00:00,mSOL,1.376648,1.3893,-0.919,meteora,1411107,-1.119,0
2026-07-09T15:15:33.359054+00:00,bSOL,1.290721,1.3026,-0.9203,orca,469297,-1.1203,0
2026-07-09T15:15:33.359054+00:00,INF,1.407837,1.4343,-1.8797,meteora,247391,-2.0797,0
2026-07-09T15:15:33.359054+00:00,jupSOL,1.183945,1.196,-1.0182,orca,159242,-1.2182,0
2026-07-09T15:15:33.359054+00:00,bnSOL,1.110411,1.1204,-0.8995,meteora,490,-1.0995,0
2026-07-09T15:30:53.585369+00:00,jitoSOL,1.275866,1.2886,-0.9981,orca,6220233,-1.1981,0
2026-07-09T15:30:53.585369+00:00,mSOL,1.376648,1.3896,-0.9408,meteora,1405200,-1.1408,0
2026-07-09T15:30:53.585369+00:00,bSOL,1.290721,1.3029,-0.9436,orca,469508,-1.1436,0
2026-07-09T15:30:53.585369+00:00,INF,1.407837,1.4334,-1.8157,meteora,246748,-2.0157,0
2026-07-09T15:30:53.585369+00:00,jupSOL,1.183945,1.196,-1.0182,orca,159948,-1.2182,0
2026-07-09T15:30:53.585369+00:00,bnSOL,1.110411,1.1204,-0.8995,meteora,490,-1.0995,0
2026-07-09T15:34:38.352400+00:00,jitoSOL,1.275866,1.2884,-0.9824,orca,6228712,-1.1824,0
2026-07-09T15:34:38.352400+00:00,mSOL,1.376648,1.3896,-0.9408,meteora,1405200,-1.1408,0
2026-07-09T15:34:38.352400+00:00,bSOL,1.290721,1.3029,-0.9436,orca,469508,-1.1436,0
2026-07-09T15:34:38.352400+00:00,INF,1.407837,1.4334,-1.8157,meteora,246748,-2.0157,0
2026-07-09T15:34:38.352400+00:00,jupSOL,1.183945,1.196,-1.0182,orca,159524,-1.2182,0
2026-07-09T15:34:38.352400+00:00,bnSOL,1.110411,1.1205,-0.9085,meteora,491,-1.1085,0
2026-07-09T15:45:42.363727+00:00,jitoSOL,1.275866,1.2884,-0.9824,orca,6241172,-1.1824,0
2026-07-09T15:45:42.363727+00:00,mSOL,1.376648,1.3896,-0.9408,meteora,1402854,-1.1408,0
2026-07-09T15:45:42.363727+00:00,bSOL,1.290721,1.3029,-0.9436,orca,467643,-1.1436,0
2026-07-09T15:45:42.363727+00:00,INF,1.407837,1.4334,-1.8157,meteora,246683,-2.0157,0
2026-07-09T15:45:42.363727+00:00,jupSOL,1.183945,1.1959,-1.0098,orca,159456,-1.2098,0
2026-07-09T15:45:42.363727+00:00,bnSOL,1.110411,1.1202,-0.8815,meteora,490,-1.0815,0
2026-07-09T16:00:54.548990+00:00,jitoSOL,1.275866,1.2884,-0.9824,orca,6222724,-1.1824,0
2026-07-09T16:00:54.548990+00:00,mSOL,1.376648,1.3896,-0.9408,meteora,1400878,-1.1408,0
2026-07-09T16:00:54.548990+00:00,bSOL,1.290721,1.3026,-0.9203,orca,467184,-1.1203,0
2026-07-09T16:00:54.548990+00:00,INF,1.407837,1.4334,-1.8157,meteora,246049,-2.0157,0
2026-07-09T16:00:54.548990+00:00,jupSOL,1.183945,1.1959,-1.0098,orca,159023,-1.2098,0
2026-07-09T16:00:54.548990+00:00,bnSOL,1.110411,1.1204,-0.8995,meteora,490,-1.0995,0
2026-07-09T16:30:51.611224+00:00,jitoSOL,1.275866,1.2884,-0.9824,orca,6207482,-1.1824,0
2026-07-09T16:30:51.611224+00:00,mSOL,1.376648,1.3898,-0.9554,meteora,1399440,-1.1554,0
2026-07-09T16:30:51.611224+00:00,bSOL,1.290721,1.3029,-0.9436,orca,466138,-1.1436,0
2026-07-09T16:30:51.611224+00:00,INF,1.407837,1.4334,-1.8157,meteora,245066,-2.0157,0
2026-07-09T16:30:51.611224+00:00,jupSOL,1.183945,1.1961,-1.0267,orca,158690,-1.2267,0
2026-07-09T16:30:51.611224+00:00,bnSOL,1.110411,1.1199,-0.8545,meteora,489,-1.0545,0
2026-07-09T16:45:31.254326+00:00,jitoSOL,1.275866,1.2884,-0.9824,orca,6217208,-1.1824,0
2026-07-09T16:45:31.254326+00:00,mSOL,1.376648,1.3898,-0.9554,meteora,1403232,-1.1554,0
2026-07-09T16:45:31.254326+00:00,bSOL,1.290721,1.3029,-0.9436,orca,467643,-1.1436,0
2026-07-09T16:45:31.254326+00:00,INF,1.407837,1.4334,-1.8157,meteora,245827,-2.0157,0
2026-07-09T16:45:31.254326+00:00,jupSOL,1.183945,1.1961,-1.0267,orca,158916,-1.2267,0
2026-07-09T16:45:31.254326+00:00,bnSOL,1.110411,1.1199,-0.8545,meteora,490,-1.0545,0
2026-07-09T17:00:54.797591+00:00,jitoSOL,1.275866,1.2884,-0.9824,orca,6222020,-1.1824,0
2026-07-09T17:00:54.797591+00:00,mSOL,1.376648,1.3898,-0.9554,meteora,1403232,-1.1554,0
2026-07-09T17:00:54.797591+00:00,bSOL,1.290721,1.3029,-0.9436,orca,467463,-1.1436,0
2026-07-09T17:00:54.797591+00:00,INF,1.407837,1.4327,-1.766,meteora,246337,-1.966,0
2026-07-09T17:00:54.797591+00:00,jupSOL,1.183945,1.1961,-1.0267,orca,158877,-1.2267,0
2026-07-09T17:00:54.797591+00:00,bnSOL,1.110411,1.1198,-0.8455,meteora,490,-1.0455,0
2026-07-09T17:30:49.431239+00:00,jitoSOL,1.275866,1.2884,-0.9824,orca,6238063,-1.1824,0
2026-07-09T17:30:49.431239+00:00,mSOL,1.376648,1.3898,-0.9554,meteora,1403232,-1.1554,0
2026-07-09T17:30:49.431239+00:00,bSOL,1.290721,1.3026,-0.9203,orca,468276,-1.1203,0
2026-07-09T17:30:49.431239+00:00,INF,1.407837,1.4327,-1.766,meteora,247063,-1.966,0
2026-07-09T17:30:49.431239+00:00,jupSOL,1.183945,1.1961,-1.0267,orca,158877,-1.2267,0
2026-07-09T17:30:49.431239+00:00,bnSOL,1.110411,1.12,-0.8635,meteora,490,-1.0635,0
